id,type,value,fractional,currencyFk
1,coin,0.01,1,4
2,coin,0.02,1,4
3,coin,0.05,1,4
4,coin,0.1,1,4
5,coin,0.2,1,4
6,coin,0.5,1,4
7,coin,1,0,4
8,coin,2,0,4
9,banknote,5,0,4
10,banknote,10,0,4
11,banknote,20,0,4
12,banknote,50,0,4
13,banknote,100,0,4
14,banknote,200,0,4
15,banknote,500,0,4
16,coin,1,0,1
17,coin,2,0,1
18,coin,3,0,1
19,coin,5,0,1
20,coin,10,0,1
21,coin,20,0,1
22,coin,25,0,1
23,coin,50,0,1
24,coin,100,0,1
25,banknote,10,0,1
26,banknote,25,0,1
27,banknote,50,0,1
28,banknote,100,0,1
29,banknote,500,0,1
30,coin,1,0,2
31,coin,2,0,2
32,coin,5,0,2
33,coin,10,0,2
34,banknote,10,0,1
35,banknote,25,0,1
36,banknote,50,0,1
37,banknote,100,0,1
38,banknote,500,0,1
39,coin,1,0,2
40,coin,2,0,2
41,coin,5,0,2
42,coin,10,0,2
43,banknote,5,0,2
44,banknote,10,0,2
45,banknote,50,0,2
46,banknote,100,0,2
47,banknote,200,0,2
48,banknote,500,0,2
49,coin,1,0,2
50,coin,2,0,2
51,coin,5,0,2
52,coin,10,0,2
53,banknote,5,0,2
54,banknote,10,0,2
55,banknote,50,0,2
56,banknote,100,0,2
57,banknote,200,0,2
58,banknote,500,0,2
59,banknote,1000,0,2
60,banknote,2000,0,2
61,banknote,5000,0,2
62,coin,0.25,1,3
63,coin,0.5,1,3
64,coin,1,0,3
65,coin,2,0,3
66,coin,5,0,3
67,banknote,10,0,3
68,banknote,20,0,3
69,banknote,50,0,3
70,banknote,100,0,3
71,banknote,500,0,3
72,banknote,1000,0,3
91,coin,0.01,1,5
92,coin,0.05,1,5
93,coin,0.1,1,5
94,coin,0.2,1,5
95,coin,0.5,1,5
96,coin,1,0,5
97,coin,5,0,5
98,coin,10,0,5
99,coin,20,0,5
100,coin,50,0,5
101,coin,100,0,5
102,banknote,100,0,5
103,banknote,200,0,5
104,banknote,500,0,5
105,banknote,1000,0,5
106,banknote,2000,0,5
107,banknote,5000,0,5
108,banknote,10000,0,5
109,coin,0.01,1,6
110,coin,0.02,1,6
111,coin,0.05,1,6
112,coin,0.1,1,6
113,coin,0.2,1,6
114,coin,0.5,1,6
115,coin,1,0,6
116,coin,2,0,6
117,coin,5,0,6
118,coin,10,0,6
119,coin,20,0,6
120,coin,50,0,6
121,coin,100,0,6
122,coin,200,0,6
123,banknote,500,0,6
124,banknote,1000,0,6
125,banknote,2000,0,6
148,coin,0.5,1,7
149,coin,1,0,7
150,coin,5,0,7
151,coin,10,0,7
152,coin,20,0,7
153,coin,50,0,7
154,coin,100,0,7
155,banknote,200,0,7
156,banknote,500,0,7
157,banknote,1000,0,7
158,banknote,2000,0,7
159,banknote,5000,0,7
160,coin,0.05,1,8
161,coin,0.1,1,8
162,coin,0.25,1,8
163,coin,1,0,8
164,banknote,2,0,8
165,banknote,5,0,8
166,banknote,10,0,8
167,banknote,20,0,8
168,banknote,50,0,8
169,banknote,100,0,8
170,coin,0.01,1,9
171,coin,0.05,1,9
172,coin,0.1,1,9
173,coin,0.25,1,9
174,coin,0.5,1,9
175,coin,1,0,9
176,coin,2,0,9
177,coin,5,0,9
178,coin,10,0,9
179,banknote,10,0,9
180,banknote,20,0,9
181,banknote,50,0,9
182,banknote,100,0,9
183,banknote,200,0,9
184,banknote,500,0,9
185,banknote,1000,0,9
186,banknote,2000,0,9
187,banknote,10000,0,9
188,banknote,20000,0,9
189,coin,0.1,1,10
190,coin,0.2,1,10
191,coin,0.5,1,10
192,coin,1,0,10
193,coin,3,0,10
194,coin,5,0,10
195,coin,10,0,10
196,coin,20,0,10
197,coin,50,0,10
198,coin,100,0,10
199,coin,200,0,10
200,coin,500,0,10
201,banknote,1000,0,10
202,banknote,2000,0,10
203,banknote,5000,0,10
204,banknote,10000,0,10
205,banknote,20000,0,10
206,banknote,50000,0,10
207,banknote,100000,0,10
208,coin,0.05,1,11
209,coin,0.1,1,11
210,coin,0.25,1,11
211,coin,0.5,1,11
212,coin,1,0,11
213,coin,5,0,11
214,banknote,10,0,11
215,banknote,25,0,11
216,banknote,50,0,11
217,banknote,100,0,11
218,banknote,200,0,11
219,coin,0.01,1,13
220,coin,0.02,1,13
221,coin,0.05,1,13
222,coin,0.1,1,13
223,coin,0.2,1,13
224,coin,0.5,1,13
225,coin,1,0,13
226,coin,2,0,13
227,banknote,5,0,13
228,banknote,10,0,13
229,banknote,20,0,13
230,coin,0.01,1,14
231,coin,0.02,1,14
232,coin,0.05,1,14
233,coin,0.1,1,14
234,coin,0.2,1,14
235,coin,0.5,1,14
236,coin,1,0,14
237,coin,2,0,14
238,banknote,1,0,14
239,banknote,2,0,14
240,banknote,5,0,14
241,banknote,10,0,14
242,banknote,20,0,14
243,banknote,50,0,14
244,banknote,100,0,14
259,coin,0.01,1,16
260,coin,0.03,1,16
261,coin,0.05,1,16
262,coin,0.1,1,16
263,coin,0.2,1,16
264,coin,0.5,1,16
265,banknote,1,0,16
266,banknote,5,0,16
267,banknote,10,0,16
268,banknote,20,0,16
269,banknote,50,0,16
270,banknote,100,0,16
271,banknote,200,0,16
272,banknote,500,0,16
273,coin,0.05,1,17
274,coin,0.1,1,17
275,coin,0.15,1,17
276,coin,0.25,1,17
277,coin,0.5,1,17
278,coin,1,0,17
279,coin,2,0,17
280,banknote,0.5,0,17
281,banknote,1,0,17
282,banknote,3,0,17
283,banknote,5,0,17
284,banknote,10,0,17
285,banknote,20,0,17
286,banknote,50,0,17
287,banknote,100,0,17
288,coin,0.005,1,18
289,coin,0.01,1,18
290,coin,0.025,1,18
291,coin,0.05,1,18
292,coin,0.1,1,18
293,coin,0.5,1,18
294,banknote,0.5,1,18
295,banknote,1,0,18
296,banknote,5,0,18
297,banknote,10,0,18
298,banknote,20,0,18
299,coin,0.01,1,19
300,coin,0.02,1,19
301,coin,0.05,1,19
302,coin,0.1,1,19
303,coin,0.2,1,19
304,coin,0.5,1,19
305,coin,2,0,19
306,banknote,1,0,19
307,banknote,5,0,19
308,banknote,10,0,19
309,banknote,20,0,19
310,banknote,50,0,19
311,coin,0.01,1,20
312,coin,0.02,1,20
313,coin,0.05,1,20
314,coin,0.1,1,20
315,coin,0.2,1,20
316,coin,0.5,1,20
317,coin,1,0,20
318,coin,2,0,20
319,banknote,1,0,20
320,banknote,5,0,20
321,banknote,10,0,20
322,banknote,20,0,20
323,banknote,50,0,20
324,banknote,100,0,20
325,coin,1,0,21
326,coin,2,0,21
327,coin,5,0,21
328,banknote,1,0,21
329,banknote,2,0,21
330,banknote,5,0,21
331,banknote,10,0,21
332,banknote,20,0,21
333,banknote,50,0,21
334,banknote,100,0,21
335,banknote,200,0,21
336,banknote,500,0,21
337,banknote,1000,0,21
338,coin,0.05,1,22
339,coin,0.1,1,22
340,coin,0.25,1,22
341,coin,1,0,22
342,banknote,2,0,22
343,banknote,5,0,22
344,banknote,10,0,22
345,banknote,20,0,22
346,banknote,50,0,22
347,banknote,100,0,22
348,coin,0.01,1,23
349,coin,0.02,1,23
350,coin,0.05,1,23
351,coin,0.1,1,23
352,coin,0.2,1,23
353,coin,0.5,1,23
354,coin,1,0,23
355,coin,2,0,23
356,banknote,5,0,23
357,banknote,10,0,23
358,banknote,20,0,23
359,banknote,50,0,23
360,banknote,100,0,23
361,banknote,200,0,23
362,banknote,500,0,23
363,coin,0.01,1,24
364,coin,0.05,1,24
365,coin,0.1,1,24
366,coin,0.25,1,24
367,coin,0.5,1,24
368,coin,1,0,24
369,banknote,2,0,24
370,banknote,5,0,24
371,banknote,10,0,24
372,banknote,20,0,24
373,banknote,50,0,24
374,banknote,100,0,24
375,coin,1,0,25
376,coin,5,0,25
377,coin,10,0,25
378,coin,25,0,25
379,coin,50,0,25
380,coin,100,0,25
381,coin,200,0,25
382,coin,250,0,25
383,coin,500,0,25
384,banknote,500,0,25
385,banknote,1000,0,25
386,banknote,2000,0,25
387,banknote,5000,0,25
388,banknote,10000,0,25
389,coin,0.01,1,26
390,coin,0.05,1,26
391,coin,0.1,1,26
392,coin,0.25,1,26
393,coin,1,0,26
394,banknote,2,0,26
395,banknote,5,0,26
396,banknote,10,0,26
397,banknote,20,0,26
398,banknote,50,0,26
399,banknote,100,0,26
400,coin,0.05,1,27
401,coin,0.1,1,27
402,coin,0.25,1,27
403,coin,0.5,1,27
404,coin,1,0,27
405,coin,3,0,27
406,banknote,1,0,27
407,banknote,5,0,27
408,banknote,10,0,27
409,banknote,20,0,27
410,banknote,50,0,27
411,banknote,100,0,27
412,banknote,500,0,27
413,banknote,1000,0,27
414,coin,1,0,28
415,coin,2,0,28
416,coin,5,0,28
417,coin,10,0,28
418,coin,20,0,28
419,banknote,1,0,28
420,banknote,2,0,28
421,banknote,5,0,28
422,banknote,10,0,28
423,banknote,20,0,28
424,banknote,50,0,28
425,banknote,100,0,28
426,banknote,200,0,28
427,banknote,500,0,28
428,coin,0.1,1,29
429,coin,0.2,1,29
430,coin,0.5,1,29
431,coin,1,0,29
432,coin,2,0,29
433,coin,5,0,29
434,banknote,10,0,29
435,banknote,20,0,29
436,banknote,50,0,29
437,banknote,100,0,29
438,banknote,200,0,29
439,coin,0.01,1,30
440,coin,0.05,1,30
441,coin,0.1,1,30
442,coin,0.25,1,30
443,coin,0.5,0,30
444,coin,1,0,30
445,banknote,1,0,30
446,banknote,2,0,30
447,banknote,5,0,30
448,banknote,10,0,30
449,banknote,20,0,30
450,banknote,50,0,30
451,banknote,100,0,30
452,coin,0.05,1,31
453,coin,0.1,1,31
454,coin,0.2,1,31
455,coin,0.5,1,31
456,coin,1,0,31
457,coin,2,0,31
458,coin,5,0,31
459,banknote,10,0,31
460,banknote,20,0,31
461,banknote,50,0,31
462,banknote,100,0,31
463,banknote,200,0,31
464,coin,0.05,1,32
465,coin,0.1,1,32
466,coin,0.25,1,32
467,coin,0.5,1,32
468,coin,1,0,32
469,coin,2,0,32
470,coin,5,0,32
471,banknote,10,0,32
472,banknote,20,0,32
473,banknote,50,0,32
474,banknote,100,0,32
475,banknote,200,0,32
476,coin,0.05,1,33
477,coin,0.1,1,33
478,coin,0.25,1,33
479,coin,0.5,1,33
480,coin,1,0,33
481,banknote,2,0,33
482,banknote,5,0,33
483,banknote,10,0,33
484,banknote,20,0,33
485,banknote,50,0,33
486,banknote,100,0,33
487,banknote,200,0,33
488,coin,0.01,1,34
489,coin,0.05,1,34
490,coin,0.1,1,34
491,coin,0.2,1,34
492,coin,0.5,1,34
493,banknote,1,0,34
494,banknote,5,0,34
495,banknote,10,0,34
496,banknote,50,0,34
497,banknote,100,0,34
498,banknote,500,0,34
499,banknote,1000,0,34
500,coin,0.01,1,35
501,coin,0.05,1,35
502,coin,0.1,1,35
503,coin,0.2,1,35
504,coin,0.5,1,35
505,coin,1,0,35
506,banknote,2,0,35
507,banknote,5,0,35
508,banknote,10,0,35
509,banknote,50,0,35
510,banknote,100,0,35
511,coin,0.01,1,36
512,coin,0.02,1,36
513,coin,0.05,1,36
514,coin,0.1,1,36
515,coin,0.2,1,36
516,coin,0.5,1,36
517,coin,1,0,36
518,coin,2,0,36
519,banknote,5,0,36
520,banknote,10,0,36
521,banknote,20,0,36
522,banknote,50,0,36
523,banknote,100,0,36
524,coin,1,0,37
525,coin,5,0,37
526,coin,10,0,37
527,coin,50,0,37
528,banknote,100,0,37
529,banknote,500,0,37
530,banknote,1000,0,37
531,banknote,2000,0,37
532,banknote,5000,0,37
533,banknote,10000,0,37
534,coin,50,0,38
535,coin,100,0,38
536,coin,200,0,38
537,coin,500,0,38
538,banknote,100,0,38
539,banknote,200,0,38
540,banknote,500,0,38
541,banknote,1000,0,38
542,banknote,2000,0,38
543,banknote,5000,0,38
544,banknote,10000,0,38
545,banknote,20000,0,38
546,banknote,50000,0,38
547,banknote,200000,0,38
548,coin,1,0,39
549,coin,2,0,39
550,coin,5,0,39
551,coin,10,0,39
552,coin,25,0,39
553,coin,50,0,39
554,coin,100,0,39
555,coin,200,0,39
556,coin,500,0,39
557,banknote,500,0,39
558,banknote,1000,0,39
559,banknote,2000,0,39
560,banknote,5000,0,39
561,banknote,10000,0,39
562,coin,0.01,1,40
563,coin,0.05,1,40
564,coin,0.1,1,40
565,coin,0.25,1,40
566,coin,0.5,1,40
567,coin,1,0,40
568,coin,2,0,40
569,banknote,5,0,40
570,banknote,10,0,40
571,banknote,20,0,40
572,banknote,50,0,40
573,banknote,100,0,40
574,coin,1,0,41
575,coin,5,0,41
576,coin,10,0,41
577,coin,20,0,41
578,coin,50,0,41
579,coin,100,0,41
580,coin,200,0,41
581,coin,250,0,41
582,banknote,200,0,41
583,banknote,500,0,41
584,banknote,1000,0,41
585,banknote,2000,0,41
586,banknote,5000,0,41
587,coin,0.01,1,42
588,coin,0.05,1,42
589,coin,0.1,1,42
590,coin,0.25,1,42
591,banknote,1,0,42
592,banknote,5,0,42
593,banknote,10,0,42
594,banknote,25,0,42
595,banknote,50,0,42
596,banknote,100,0,42
597,coin,10,0,43
598,coin,50,0,43
599,coin,100,0,43
600,coin,500,0,43
601,banknote,1000,0,43
602,banknote,2000,0,43
603,banknote,5000,0,43
604,banknote,10000,0,43
605,banknote,20000,0,43
606,coin,0.01,1,44
607,coin,0.02,1,44
608,coin,0.05,1,44
609,coin,0.1,1,44
610,coin,0.5,1,44
611,coin,1,0,44
612,banknote,0.1,1,44
613,banknote,0.5,1,44
614,banknote,1,0,44
615,banknote,5,0,44
616,banknote,10,0,44
617,banknote,20,0,44
618,banknote,50,0,44
619,banknote,100,0,44
620,coin,50,0,45
621,coin,100,0,45
622,coin,200,0,45
623,coin,500,0,45
624,coin,1000,0,45
625,banknote,1000,0,45
626,banknote,2000,0,45
627,banknote,5000,0,45
628,banknote,10000,0,45
629,banknote,20000,0,45
630,banknote,50000,0,45
631,banknote,100000,0,45
632,coin,1,0,46
633,coin,2,0,46
634,coin,5,0,46
635,coin,10,0,46
636,coin,25,0,46
637,coin,50,0,46
638,coin,100,0,46
639,coin,250,0,46
640,banknote,500,0,46
641,banknote,1000,0,46
642,banknote,2000,0,46
643,banknote,5000,0,46
644,banknote,10000,0,46
645,banknote,0.01,1,47
646,banknote,0.05,1,47
647,banknote,0.1,1,47
648,banknote,0.2,1,47
649,banknote,0.5,1,47
650,banknote,20,0,47
651,banknote,50,0,47
652,banknote,100,0,47
653,banknote,200,0,47
654,banknote,500,0,47
655,banknote,1000,0,47
656,banknote,5000,0,47
657,banknote,10000,0,47
658,banknote,20000,0,47
659,coin,0.1,1,48
660,coin,0.2,1,48
661,coin,0.5,1,48
662,coin,1,0,48
663,coin,2,0,48
664,coin,5,0,48
665,banknote,3,0,48
666,banknote,10,0,48
667,banknote,20,0,48
668,banknote,50,0,48
669,coin,0.1,1,49
670,coin,0.2,1,49
671,coin,0.5,1,49
672,coin,1,0,49
673,coin,2,0,49
674,banknote,5,0,49
675,banknote,10,0,49
676,banknote,20,0,49
677,banknote,50,0,49
678,banknote,100,0,49
679,coin,5,0,50
680,coin,10,0,50
681,coin,25,0,50
682,coin,50,0,50
683,coin,100,0,50
684,coin,500,0,50
685,coin,5,0,50
686,coin,10,0,50
687,coin,25,0,50
688,coin,50,0,50
689,coin,100,0,50
690,coin,500,0,50
691,banknote,1000,0,50
692,banknote,2000,0,50
693,banknote,5000,0,50
694,banknote,10000,0,50
695,banknote,20000,0,50
696,banknote,50000,0,50
697,coin,0.01,1,51
698,coin,0.02,1,51
699,coin,0.05,1,51
700,coin,0.2,1,51
701,coin,1,0,51
702,coin,3,0,51
703,coin,5,0,51
704,banknote,1,0,51
705,banknote,3,0,51
706,banknote,5,0,51
707,banknote,10,0,51
708,banknote,20,0,51
709,banknote,50,0,51
710,banknote,100,0,51
711,banknote,200,0,51
712,banknote,500,0,51
713,banknote,1000,0,51
714,coin,0.01,1,52
715,coin,0.05,1,52
716,coin,0.1,1,52
717,coin,0.25,1,52
718,coin,0.5,1,52
719,coin,1,0,52
720,coin,5,0,52
721,banknote,10,0,52
722,banknote,20,0,52
723,banknote,50,0,52
724,banknote,100,0,52
725,banknote,200,0,52
726,coin,1,0,53
727,coin,2,0,53
728,coin,5,0,53
729,coin,10,0,53
730,coin,20,0,53
731,coin,50,0,53
732,banknote,100,0,53
733,banknote,200,0,53
734,banknote,500,0,53
735,banknote,1000,0,53
736,banknote,2000,0,53
737,banknote,5000,0,53
738,coin,0.5,1,54
739,coin,1,0,54
740,coin,2,0,54
741,coin,5,0,54
742,coin,10,0,54
743,coin,20,0,54
744,banknote,50,0,54
745,banknote,100,0,54
746,banknote,200,0,54
747,banknote,500,0,54
748,coin,1,0,55
749,coin,2,0,55
750,coin,5,0,55
751,coin,10,0,55
752,coin,20,0,55
753,coin,50,0,55
754,coin,100,0,55
755,coin,250,0,55
756,coin,500,0,55
757,banknote,40,0,55
758,banknote,1000,0,55
759,banknote,2000,0,55
760,banknote,5000,0,55
761,banknote,10000,0,55
762,coin,1,0,56
763,coin,5,0,56
764,coin,10,0,56
765,coin,25,0,56
766,banknote,50,0,56
767,banknote,100,0,56
768,banknote,200,0,56
769,banknote,500,0,56
770,banknote,1000,0,56
771,banknote,2000,0,56
772,coin,0.25,1,57
773,coin,0.5,1,57
774,coin,1,0,57
775,banknote,1,0,57
776,banknote,5,0,57
777,banknote,10,0,57
778,banknote,20,0,57
779,banknote,50,0,57
780,banknote,100,0,57
781,banknote,200,0,57
782,coin,0.01,1,58
783,coin,0.05,1,58
784,coin,0.1,1,58
785,coin,0.25,1,58
786,coin,0.5,1,58
787,coin,1,0,58
788,banknote,1,0,58
789,banknote,5,0,58
790,banknote,10,0,58
791,banknote,20,0,58
792,banknote,50,0,58
793,banknote,100,0,58
794,coin,0.1,1,59
795,coin,0.2,1,59
796,coin,0.5,1,59
797,coin,1,0,59
798,coin,2,0,59
799,coin,5,0,59
800,banknote,10,0,59
801,banknote,20,0,59
802,banknote,50,0,59
803,banknote,100,0,59
804,banknote,200,0,59
805,coin,0.01,1,60
806,coin,0.02,1,60
807,coin,0.05,1,60
808,coin,0.1,1,60
809,coin,0.2,1,60
810,coin,0.5,1,60
811,coin,1,0,60
812,coin,2,0,60
813,coin,5,0,60
814,banknote,10,0,60
815,banknote,20,0,60
816,banknote,50,0,60
817,banknote,100,0,60
818,banknote,200,0,60
819,coin,0.01,1,61
820,coin,0.05,1,61
821,coin,0.1,1,61
822,coin,0.25,1,61
823,coin,0.5,1,61
824,coin,1,0,61
825,banknote,1,0,61
826,banknote,5,0,61
827,banknote,10,0,61
828,banknote,50,0,61
829,banknote,100,0,61
830,banknote,200,0,61
831,coin,0.01,1,62
832,coin,0.02,1,62
833,coin,0.05,1,62
834,coin,0.1,1,62
835,coin,0.2,1,62
836,coin,0.5,1,62
837,coin,1,0,62
838,coin,2,0,62
839,banknote,5,0,62
840,banknote,10,0,62
841,banknote,20,0,62
842,banknote,50,0,62
843,coin,0.5,1,63
844,coin,1,0,63
845,coin,2,0,63
846,coin,5,0,63
847,coin,10,0,63
848,coin,20,0,63
849,banknote,50,0,63
850,banknote,100,0,63
851,banknote,200,0,63
852,banknote,500,0,63
853,banknote,1000,0,63
854,coin,0.05,1,64
855,coin,0.1,1,64
856,coin,0.2,1,64
857,coin,0.5,1,64
858,coin,0.88,1,64
859,coin,1,0,64
860,coin,2,0,64
861,banknote,5,0,64
862,banknote,7,0,64
863,banknote,10,0,64
864,banknote,20,0,64
865,banknote,50,0,64
866,banknote,100,0,64
867,banknote,2000,0,64
868,coin,5,0,65
869,coin,10,0,65
870,coin,20,0,65
871,coin,50,0,65
872,coin,100,0,65
873,coin,200,0,65
874,banknote,500,0,65
875,banknote,1000,0,65
876,banknote,5000,0,65
877,banknote,10000,0,65
878,coin,0.01,1,66
879,coin,0.05,1,66
880,coin,0.1,1,66
881,coin,0.25,1,66
882,coin,0.5,1,66
883,coin,1,0,66
884,banknote,5,0,66
885,banknote,10,0,66
886,banknote,20,0,66
887,banknote,25,0,66
888,banknote,50,0,66
889,banknote,100,0,66
890,banknote,200,0,66
891,coin,0.05,1,67
892,coin,0.1,1,67
893,coin,0.2,1,67
894,coin,0.5,1,67
895,coin,1,0,67
896,coin,2,0,67
897,banknote,1,0,67
898,banknote,2,0,67
899,banknote,5,0,67
900,banknote,10,0,67
901,banknote,20,0,67
902,banknote,50,0,67
903,banknote,100,0,67
904,banknote,200,0,67
905,coin,0.1,1,68
906,coin,0.2,1,68
907,coin,0.5,1,68
908,coin,1,0,68
909,coin,2,0,68
910,banknote,1,0,68
911,banknote,2,0,68
912,banknote,5,0,68
913,banknote,10,0,68
914,banknote,20,0,68
915,banknote,50,0,68
916,banknote,100,0,68
917,banknote,200,0,68
918,coin,0.01,1,69
919,coin,0.02,1,69
920,coin,0.05,1,69
921,coin,0.1,1,69
922,coin,0.2,1,69
923,coin,0.5,1,69
924,coin,1,0,69
925,coin,2,0,69
926,coin,5,0,69
927,banknote,5,0,69
928,banknote,10,0,69
929,banknote,20,0,69
930,banknote,50,0,69
931,banknote,100,0,69
932,coin,0.05,1,70
933,coin,0.1,1,70
934,coin,0.25,1,70
935,coin,0.5,1,70
936,coin,1,0,70
937,banknote,1,0,70
938,banknote,5,0,70
939,banknote,10,0,70
940,banknote,20,0,70
941,banknote,50,0,70
942,banknote,100,0,70
943,banknote,200,0,70
944,coin,1,0,71
945,coin,5,0,71
946,coin,10,0,71
947,coin,25,0,71
948,coin,50,0,71
949,banknote,25,0,71
950,banknote,50,0,71
951,banknote,100,0,71
952,banknote,500,0,71
953,banknote,1000,0,71
954,banknote,2000,0,71
955,banknote,5000,0,71
956,banknote,10000,0,71
957,banknote,20000,0,71
958,coin,0.05,1,73
959,coin,0.1,1,73
960,coin,0.2,1,73
961,coin,0.5,1,73
962,coin,1,0,73
963,coin,5,0,73
964,banknote,1,0,73
965,banknote,2,0,73
966,banknote,5,0,73
967,banknote,10,0,73
968,banknote,20,0,73
969,banknote,25,0,73
970,banknote,50,0,73
971,banknote,100,0,73
972,banknote,250,0,73
973,banknote,500,0,73
974,banknote,1000,0,73
975,coin,1,0,72
976,coin,5,0,72
977,coin,10,0,72
978,banknote,20,0,72
979,banknote,50,0,72
980,banknote,100,0,72
981,banknote,500,0,72
982,banknote,1000,0,72
983,banknote,2000,0,72
984,banknote,5000,0,72
985,coin,0.05,1,74
986,coin,0.1,1,74
987,coin,0.2,1,74
988,coin,0.5,1,74
989,banknote,1,0,74
990,banknote,2,0,74
991,banknote,5,0,74
992,banknote,10,0,74
993,banknote,20,0,74
994,banknote,50,0,74
995,banknote,100,0,74
996,banknote,200,0,74
997,banknote,500,0,74
998,coin,0.1,1,75
999,coin,0.2,1,75
1000,coin,0.5,1,75
1001,coin,1,0,75
1002,coin,2,0,75
1003,coin,5,0,75
1004,coin,10,0,75
1005,banknote,10,0,75
1006,banknote,20,0,75
1007,banknote,50,0,75
1008,banknote,100,0,75
1009,banknote,500,0,75
1010,banknote,1000,0,75
1011,coin,5,0,76
1012,coin,10,0,76
1013,coin,20,0,76
1014,coin,50,0,76
1015,coin,100,0,76
1016,coin,200,0,76
1017,banknote,500,0,76
1018,banknote,1000,0,76
1019,banknote,2000,0,76
1020,banknote,5000,0,76
1021,banknote,10000,0,76
1022,banknote,20000,0,76
1023,coin,1,0,77
1024,coin,5,0,77
1025,coin,10,0,77
1026,coin,50,0,77
1027,coin,100,0,77
1028,banknote,500,0,77
1029,banknote,1000,0,77
1030,banknote,2000,0,77
1031,banknote,5000,0,77
1032,banknote,10000,0,77
1033,coin,500,0,78
1034,coin,1000,0,78
1035,banknote,1000,0,78
1036,banknote,2000,0,78
1037,banknote,5000,0,78
1038,banknote,10000,0,78
1039,banknote,20000,0,78
1040,banknote,50000,0,78
1041,banknote,100000,0,78
1042,coin,1000,0,79
1043,coin,2000,0,79
1044,coin,5000,0,79
1045,banknote,1000,0,79
1046,coin,1000,0,79
1047,coin,2000,0,79
1048,coin,5000,0,79
1049,banknote,1000,0,79
1050,banknote,2000,0,79
1051,banknote,5000,0,79
1052,banknote,10000,0,79
1053,banknote,20000,0,79
1054,banknote,50000,0,79
1055,banknote,100000,0,79
1056,banknote,500000,0,79
1057,banknote,1000000,0,79
1058,banknote,2000000,0,79
1059,banknote,250,0,80
1060,banknote,500,0,80
1061,banknote,1000,0,80
1062,banknote,5000,0,80
1063,banknote,10000,0,80
1064,banknote,25000,0,80
1065,banknote,50000,0,80
1066,coin,0.01,1,81
1067,coin,0.02,1,81
1068,coin,0.05,1,81
1069,coin,0.1,1,81
1070,coin,0.2,1,81
1071,coin,0.5,1,81
1072,coin,1,0,81
1073,coin,2,0,81
1074,coin,5,0,81
1075,banknote,1,0,81
1076,banknote,5,0,81
1077,banknote,10,0,81
1078,banknote,20,0,81
1079,banknote,50,0,81
1080,coin,0.1,1,82
1081,coin,0.5,1,82
1082,coin,1,0,82
1083,coin,2,0,82
1084,coin,5,0,82
1085,coin,10,0,82
1086,banknote,20,0,82
1087,banknote,50,0,82
1088,banknote,100,0,82
1089,banknote,200,0,82
1090,coin,1,0,83
1091,coin,5,0,83
1092,coin,10,0,83
1093,coin,20,0,83
1094,banknote,50,0,83
1095,banknote,100,0,83
1096,banknote,500,0,83
1097,banknote,1000,0,83
1098,banknote,2000,0,83
1099,banknote,5000,0,83
1100,coin,1,0,84
1101,coin,5,0,84
1102,coin,10,0,84
1103,coin,50,0,84
1104,coin,100,0,84
1105,coin,500,0,84
1106,banknote,1000,0,84
1107,banknote,2000,0,84
1108,banknote,5000,0,84
1109,banknote,10000,0,84
1110,coin,0.01,1,85
1111,coin,0.02,1,85
1112,coin,0.05,1,85
1113,coin,0.1,1,85
1114,coin,0.2,1,85
1115,coin,0.5,1,85
1116,coin,2,0,85
1117,banknote,1,0,85
1118,banknote,5,0,85
1119,banknote,10,0,85
1120,banknote,20,0,85
1121,banknote,50,0,85
1122,banknote,100,0,85
1123,coin,0.01,1,86
1124,coin,0.05,0,86
1125,coin,0.1,0,86
1126,coin,0.25,0,86
1127,coin,0.5,0,86
1128,banknote,1,0,86
1129,banknote,5,0,86
1130,banknote,10,0,86
1131,banknote,20,0,86
1132,banknote,50,0,86
1133,coin,1,0,87
1134,coin,2,0,87
1135,coin,5,0,87
1136,coin,10,0,87
1137,coin,20,0,87
1138,coin,50,0,87
1139,coin,100,0,87
1140,coin,200,0,87
1141,banknote,200,0,87
1142,banknote,500,0,87
1143,banknote,1000,0,87
1144,banknote,2000,0,87
1145,banknote,5000,0,87
1146,banknote,10000,0,87
1147,banknote,20000,0,87
1148,coin,1,0,88
1149,coin,5,0,88
1150,coin,10,0,88
1151,coin,20,0,88
1152,banknote,50,0,88
1153,banknote,100,0,88
1154,banknote,200,0,88
1155,banknote,500,0,88
1156,banknote,1000,0,88
1157,coin,0.05,1,89
1158,coin,0.1,1,89
1159,coin,0.2,1,89
1160,coin,0.5,1,89
1161,coin,1,0,89
1162,coin,2,0,89
1163,coin,0.01,1,90
1164,coin,0.05,1,90
1165,coin,0.1,1,90
1166,coin,0.5,1,90
1167,coin,1,0,90
1168,banknote,5,0,90
1169,banknote,10,0,90
1170,banknote,50,0,90
1171,banknote,100,0,90
1172,banknote,200,0,90
1173,banknote,500,0,90
1174,banknote,1000,0,90
1175,banknote,2000,0,90
1176,banknote,5000,0,90
1177,coin,10,0,91
1178,coin,50,0,91
1179,coin,100,0,91
1180,coin,500,0,91
1181,banknote,1000,0,91
1182,banknote,5000,0,91
1183,banknote,10000,0,91
1184,banknote,50000,0,91
1185,coin,0.001,1,92
1186,coin,0.005,1,92
1187,coin,0.01,1,92
1188,coin,0.02,1,92
1189,coin,0.05,1,92
1190,coin,0.1,1,92
1191,banknote,0.25,1,92
1192,banknote,0.5,1,92
1193,banknote,1,0,92
1194,banknote,5,0,92
1195,banknote,10,0,92
1196,banknote,20,0,92
1197,coin,0.01,1,93
1198,coin,0.1,1,93
1199,coin,0.5,1,93
1200,coin,1,0,93
1201,coin,3,0,93
1202,coin,5,0,93
1203,coin,10,0,93
1204,banknote,0.01,1,93
1205,banknote,0.1,1,93
1206,banknote,0.5,1,93
1207,banknote,1,0,93
1208,banknote,5,0,93
1209,banknote,10,0,93
1210,banknote,20,0,93
1211,banknote,50,0,93
1212,banknote,100,0,93
1213,banknote,200,0,93
1214,banknote,500,0,93
1215,banknote,1000,0,93
1216,banknote,2000,0,93
1217,banknote,5000,0,93
1218,coin,0.1,1,94
1219,coin,0.2,1,94
1220,coin,0.5,1,94
1221,banknote,1,0,94
1222,banknote,5,0,94
1223,banknote,10,0,94
1224,banknote,20,0,94
1225,banknote,50,0,94
1226,banknote,100,0,94
1227,banknote,500,0,94
1228,banknote,1000,0,94
1229,banknote,2000,0,94
1230,banknote,5000,0,94
1231,banknote,10000,0,94
1232,banknote,20000,0,94
1233,banknote,50000,0,94
1234,banknote,100000,0,94
1235,banknote,1000,0,95
1236,banknote,5000,0,95
1237,banknote,10000,0,95
1238,banknote,20000,0,95
1239,banknote,50000,0,95
1240,banknote,100000,0,95
1241,coin,0.01,1,96
1242,coin,0.02,1,96
1243,coin,0.05,1,96
1244,coin,0.1,1,96
1245,coin,0.2,1,96
1246,coin,0.5,1,96
1247,coin,1,0,96
1248,coin,2,0,96
1249,coin,5,0,96
1250,banknote,10,0,96
1251,banknote,20,0,96
1252,banknote,50,0,96
1253,banknote,100,0,96
1254,banknote,200,0,96
1255,coin,0.05,1,97
1256,coin,0.1,1,97
1257,coin,0.25,1,97
1258,coin,0.5,1,97
1259,coin,1,0,97
1260,coin,5,0,97
1261,coin,10,0,97
1262,banknote,5,0,97
1263,banknote,10,0,97
1264,banknote,20,0,97
1265,banknote,50,0,97
1266,banknote,100,0,97
1267,banknote,500,0,97
1268,banknote,1000,0,97
1269,coin,0.001,1,98
1270,coin,0.005,1,98
1271,coin,0.01,1,98
1272,coin,0.02,1,98
1273,coin,0.05,1,98
1274,coin,0.1,1,98
1275,coin,0.25,1,98
1276,coin,0.5,1,98
1277,banknote,1,0,98
1278,banknote,5,0,98
1279,banknote,10,0,98
1280,banknote,20,0,98
1281,banknote,50,0,98
1282,coin,0.05,1,99
1283,coin,0.1,1,99
1284,coin,0.2,1,99
1285,coin,0.5,1,99
1286,coin,1,0,99
1287,coin,2,0,99
1288,coin,5,0,99
1289,banknote,10,0,99
1290,banknote,20,0,99
1291,banknote,50,0,99
1292,banknote,100,0,99
1293,banknote,200,0,99
1294,banknote,1000,0,99
1295,coin,0.1,1,100
1296,coin,0.2,1,100
1297,coin,0.5,1,100
1298,coin,1,0,100
1299,coin,2,0,100
1300,coin,5,0,100
1301,coin,10,0,100
1302,banknote,10,0,100
1303,banknote,20,0,100
1304,banknote,50,0,100
1305,banknote,100,0,100
1306,banknote,500,0,100
1307,banknote,1000,0,100
1308,coin,0.2,1,101
1309,coin,0.4,1,101
1310,coin,1,0,101
1311,coin,2,0,101
1312,coin,4,0,101
1313,coin,5,0,101
1314,coin,10,0,101
1315,coin,20,0,101
1316,coin,50,0,101
1317,banknote,100,0,101
1318,banknote,200,0,101
1319,banknote,500,0,101
1320,banknote,1000,0,101
1321,banknote,2000,0,101
1322,banknote,5000,0,101
1323,banknote,10000,0,101
1324,banknote,20000,0,101
1325,coin,0.01,1,102
1326,coin,0.02,1,102
1327,coin,0.05,1,102
1328,coin,0.1,1,102
1329,coin,0.2,1,102
1330,coin,0.5,1,102
1331,coin,1,0,102
1332,coin,5,0,102
1333,coin,10,0,102
1334,banknote,20,0,102
1335,banknote,50,0,102
1336,banknote,100,0,102
1337,banknote,200,0,102
1338,banknote,500,0,102
1339,banknote,1000,0,102
1340,banknote,2000,0,102
1341,banknote,5000,0,102
1342,coin,0.01,1,103
1343,coin,0.05,1,103
1344,coin,0.1,1,103
1345,coin,0.2,1,103
1346,coin,0.5,1,103
1347,coin,1,0,103
1348,banknote,1,0,103
1349,banknote,2,0,103
1350,banknote,5,0,103
1351,banknote,10,0,103
1352,banknote,20,0,103
1353,banknote,50,0,103
1354,banknote,100,0,103
1355,coin,0.01,1,104
1356,coin,0.05,1,104
1357,coin,0.1,1,104
1358,coin,0.25,1,104
1359,coin,0.5,1,104
1360,coin,1,0,104
1361,coin,2,0,104
1362,banknote,5,0,104
1363,banknote,10,0,104
1364,banknote,20,0,104
1365,banknote,50,0,104
1366,banknote,100,0,104
1367,banknote,500,0,104
1368,banknote,1000,0,104
1369,banknote,5000,0,104
1370,coin,0.2,1,105
1371,coin,1,0,105
1372,coin,2,0,105
1373,coin,5,0,105
1374,coin,10,0,105
1375,coin,20,0,105
1376,banknote,20,0,105
1377,banknote,50,0,105
1378,banknote,100,0,105
1379,banknote,200,0,105
1380,banknote,500,0,105
1381,banknote,1000,0,105
1382,coin,0.05,1,106
1383,coin,0.2,1,106
1384,coin,0.5,1,106
1385,coin,1,0,106
1386,coin,5,0,106
1387,coin,10,0,106
1388,coin,20,0,106
1389,banknote,25,0,106
1390,banknote,50,0,106
1391,banknote,100,0,106
1392,banknote,200,0,106
1393,banknote,500,0,106
1394,banknote,1000,0,106
1395,banknote,2000,0,106
1396,coin,0.05,1,107
1397,coin,0.1,1,107
1398,coin,0.2,1,107
1399,coin,0.5,1,107
1400,coin,1,0,107
1401,coin,2,0,107
1402,coin,5,0,107
1403,coin,10,0,107
1404,coin,20,0,107
1405,coin,50,0,107
1406,coin,100,0,107
1407,banknote,20,0,107
1408,banknote,50,0,107
1409,banknote,100,0,107
1410,banknote,200,0,107
1411,banknote,500,0,107
1412,banknote,1000,0,107
1413,coin,0.01,1,108
1414,coin,0.05,1,108
1415,coin,0.1,1,108
1416,coin,0.25,1,108
1417,coin,0.5,1,108
1418,coin,1,0,108
1419,coin,2,0,108
1420,coin,5,0,108
1421,coin,10,0,108
1422,banknote,1,0,108
1423,banknote,5,0,108
1424,banknote,10,0,108
1425,banknote,20,0,108
1426,banknote,50,0,108
1427,banknote,100,0,108
1428,banknote,200,0,108
1429,banknote,500,0,108
1430,banknote,1000,0,108
1431,coin,20,0,109
1432,coin,50,0,109
1433,coin,100,0,109
1434,coin,200,0,109
1435,coin,500,0,109
1436,banknote,1,0,109
1437,banknote,5,0,109
1438,banknote,10,0,109
1439,banknote,20,0,109
1440,banknote,50,0,109
1441,banknote,100,0,109
1442,banknote,500,0,109
1443,banknote,1000,0,109
1444,banknote,5000,0,109
1445,banknote,10000,0,109
1446,banknote,20000,0,109
1447,coin,0.01,1,110
1448,coin,0.05,1,110
1449,coin,0.1,1,110
1450,coin,0.2,1,110
1451,coin,0.5,1,110
1452,coin,1,0,110
1453,coin,2,0,110
1454,coin,5,0,110
1455,coin,10,0,110
1456,banknote,20,0,110
1457,banknote,50,0,110
1458,banknote,100,0,110
1459,banknote,200,0,110
1460,coin,0.01,1,111
1461,coin,0.05,1,111
1462,coin,0.1,1,111
1463,coin,0.2,1,111
1464,coin,0.5,1,111
1465,coin,1,0,111
1466,coin,2,0,111
1467,coin,5,0,111
1468,coin,10,0,111
1469,banknote,20,0,111
1470,banknote,50,0,111
1471,banknote,100,0,111
1472,banknote,200,0,111
1473,banknote,500,0,111
1474,banknote,1000,0,111
1475,coin,1,0,112
1476,coin,5,0,112
1477,coin,10,0,112
1478,coin,50,0,112
1479,coin,100,0,112
1480,banknote,0.5,1,112
1481,banknote,1,0,112
1482,banknote,5,0,112
1483,banknote,10,0,112
1484,banknote,20,0,112
1485,banknote,50,0,112
1486,banknote,100,0,112
1487,banknote,200,0,112
1488,banknote,500,0,112
1489,banknote,1000,0,112
1490,banknote,5000,0,112
1491,banknote,10000,0,112
1492,banknote,20000,0,112
1493,coin,0.05,1,113
1494,coin,0.1,1,113
1495,coin,0.5,1,113
1496,coin,1,0,113
1497,coin,5,0,113
1498,coin,10,0,113
1499,banknote,10,0,113
1500,banknote,20,0,113
1501,banknote,30,0,113
1502,banknote,50,0,113
1503,banknote,60,0,113
1504,banknote,100,0,113
1505,banknote,200,0,113
1506,coin,0.01,1,114
1507,coin,0.05,1,114
1508,coin,0.1,1,114
1509,coin,0.25,1,114
1510,coin,0.5,1,114
1511,coin,1,0,114
1512,coin,2,0,114
1513,coin,5,0,114
1514,coin,10,0,114
1515,banknote,1,0,114
1516,banknote,2,0,114
1517,banknote,5,0,114
1518,banknote,10,0,114
1519,banknote,20,0,114
1520,banknote,25,0,114
1521,banknote,50,0,114
1522,banknote,100,0,114
1523,banknote,250,0,114
1524,banknote,500,0,114
1525,banknote,1000,0,114
1526,coin,0.05,1,115
1527,coin,0.1,1,115
1528,coin,0.25,1,115
1529,coin,0.5,1,115
1530,coin,1,0,115
1531,coin,5,0,115
1532,coin,10,0,115
1533,banknote,10,0,115
1534,banknote,20,0,115
1535,banknote,50,0,115
1536,banknote,100,0,115
1537,banknote,200,0,115
1538,banknote,500,0,115
1539,banknote,1000,0,115
1540,coin,0.5,1,116
1541,coin,1,0,116
1542,coin,2,0,116
1543,banknote,5,0,116
1544,banknote,10,0,116
1545,banknote,20,0,116
1546,banknote,50,0,116
1547,banknote,100,0,116
1548,banknote,200,0,116
1549,banknote,500,0,116
1550,banknote,1000,0,116
1551,coin,0.1,1,117
1552,coin,0.2,1,117
1553,coin,0.5,1,117
1554,coin,1,0,117
1555,coin,2,0,117
1556,banknote,5,0,117
1557,banknote,10,0,117
1558,banknote,20,0,117
1559,banknote,50,0,117
1560,banknote,100,0,117
1561,coin,1,0,118
1562,coin,2,0,118
1563,coin,5,0,118
1564,coin,10,0,118
1565,coin,50,0,118
1566,banknote,10,0,118
1567,banknote,50,0,118
1568,banknote,100,0,118
1569,banknote,200,0,118
1570,banknote,500,0,118
1571,banknote,1000,0,118
1572,banknote,2000,0,118
1573,coin,0.01,1,119
1574,coin,0.05,1,119
1575,coin,0.1,1,119
1576,coin,0.25,1,119
1577,coin,0.5,1,119
1578,coin,1,0,119
1579,coin,5,0,119
1580,banknote,5,0,119
1581,banknote,10,0,119
1582,banknote,20,0,119
1583,banknote,50,0,119
1584,banknote,100,0,119
1585,banknote,200,0,119
1586,coin,1,0,120
1587,coin,5,0,120
1588,coin,10,0,120
1589,coin,20,0,120
1590,banknote,50,0,120
1591,banknote,100,0,120
1592,banknote,200,0,120
1593,banknote,500,0,120
1594,banknote,1000,0,120
1595,coin,0.005,1,121
1596,coin,0.01,1,121
1597,coin,0.025,1,121
1598,coin,0.05,1,121
1599,banknote,0.1,1,121
1600,banknote,0.5,1,121
1601,banknote,1,0,121
1602,banknote,5,0,121
1603,banknote,10,0,121
1604,banknote,20,0,121
1605,banknote,50,0,121
1606,coin,1,0,122
1607,coin,2,0,122
1608,coin,5,0,122
1609,coin,10,0,122
1610,banknote,10,0,122
1611,banknote,20,0,122
1612,banknote,50,0,122
1613,banknote,75,0,122
1614,banknote,100,0,122
1615,banknote,500,0,122
1616,banknote,1000,0,122
1617,banknote,5000,0,122
1618,coin,0.01,1,123
1619,coin,0.05,1,123
1620,coin,0.1,1,123
1621,coin,0.25,1,123
1622,coin,0.5,1,123
1623,coin,1,0,123
1624,coin,0.05,1,124
1625,coin,0.1,1,124
1626,coin,0.2,1,124
1627,coin,0.5,1,124
1628,coin,1,0,124
1629,coin,2,0,124
1630,banknote,2,0,124
1631,banknote,5,0,124
1632,banknote,10,0,124
1633,banknote,20,0,124
1634,banknote,50,0,124
1635,banknote,100,0,124
1636,coin,50,0,125
1637,coin,100,0,125
1638,coin,500,0,125
1639,coin,1000,0,125
1640,banknote,2000,0,125
1641,banknote,5000,0,125
1642,banknote,10000,0,125
1643,banknote,20000,0,125
1644,banknote,50000,0,125
1645,banknote,100000,0,125
1646,coin,0.01,1,126
1647,coin,0.05,1,126
1648,coin,0.1,1,126
1649,coin,0.2,1,126
1650,coin,0.5,1,126
1651,coin,1,0,126
1652,coin,2,0,126
1653,coin,5,0,126
1654,banknote,10,0,126
1655,banknote,20,0,126
1656,banknote,50,0,126
1657,banknote,100,0,126
1658,banknote,200,0,126
1659,coin,0.01,1,127
1660,coin,0.05,1,127
1661,coin,0.1,1,127
1662,coin,0.25,1,127
1663,coin,1,0,127
1664,coin,5,0,127
1665,coin,10,0,127
1666,coin,20,0,127
1667,banknote,20,0,127
1668,banknote,50,0,127
1669,banknote,100,0,127
1670,banknote,200,0,127
1671,banknote,500,0,127
1672,banknote,1000,0,127
1673,coin,0.05,1,128
1674,coin,0.1,1,128
1675,coin,0.2,1,128
1676,coin,0.5,1,128
1677,coin,1,0,128
1678,coin,2,0,128
1679,banknote,5,0,128
1680,banknote,10,0,128
1681,banknote,20,0,128
1682,banknote,50,0,128
1683,banknote,100,0,128
1684,coin,0.01,1,129
1685,coin,0.02,1,129
1686,coin,0.05,1,129
1687,coin,0.1,1,129
1688,coin,0.2,1,129
1689,coin,0.5,1,129
1690,coin,1,0,129
1691,coin,2,0,129
1692,coin,5,0,129
1693,banknote,10,0,129
1694,banknote,20,0,129
1695,banknote,50,0,129
1696,banknote,100,0,129
1697,banknote,200,0,129
1698,banknote,500,0,129
1699,coin,0.01,1,130
1700,coin,0.05,1,130
1701,coin,0.1,1,130
1702,coin,0.25,1,130
1703,coin,0.5,1,130
1704,banknote,1,0,130
1705,banknote,5,0,130
1706,banknote,10,0,130
1707,banknote,22,0,130
1708,banknote,50,0,130
1709,banknote,100,0,130
1710,banknote,200,0,130
1711,banknote,500,0,130
1712,coin,0.01,1,131
1713,coin,0.05,1,131
1714,coin,0.1,1,131
1715,coin,0.5,1,131
1716,banknote,1,0,131
1717,banknote,5,0,131
1718,banknote,10,0,131
1719,banknote,20,0,131
1720,banknote,50,0,131
1721,banknote,100,0,131
1722,banknote,200,0,131
1723,banknote,500,0,131
1724,coin,1,0,132
1725,coin,2,0,132
1726,coin,5,0,132
1727,coin,10,0,132
1728,coin,20,0,132
1729,coin,50,0,132
1730,coin,100,0,132
1731,banknote,500,0,132
1732,banknote,1000,0,132
1733,banknote,2000,0,132
1734,banknote,5000,0,132
1735,coin,1,0,133
1736,coin,2,0,133
1737,coin,5,0,133
1738,coin,10,0,133
1739,coin,50,0,133
1740,coin,100,0,133
1741,coin,200,0,133
1742,coin,500,0,133
1743,coin,0.1,1,134
1744,coin,0.2,1,134
1745,coin,0.5,1,134
1746,coin,1,0,134
1747,coin,2,0,134
1748,banknote,5,0,134
1749,banknote,10,0,134
1750,banknote,20,0,134
1751,banknote,50,0,134
1752,banknote,100,0,134
1753,coin,0.1,1,135
1754,coin,0.2,1,135
1755,coin,0.5,1,135
1756,coin,1,0,135
1757,coin,2,0,135
1758,banknote,5,0,135
1759,banknote,10,0,135
1760,banknote,20,0,135
1761,banknote,50,0,135
1762,banknote,100,0,135
1763,banknote,200,0,135
1764,coin,0.01,1,136
1765,coin,0.05,1,136
1766,coin,0.1,1,136
1767,coin,0.25,1,136
1768,coin,0.5,1,136
1769,coin,1,0,136
1770,coin,2,0,136
1771,banknote,1,0,136
1772,banknote,5,0,136
1773,banknote,10,0,136
1774,banknote,20,0,136
1775,banknote,50,0,136
1776,banknote,100,0,136
1777,banknote,200,0,136
1778,banknote,500,0,136
1779,coin,1,0,137
1780,coin,2,0,137
1781,coin,5,0,137
1782,coin,10,0,137
1783,coin,20,0,137
1784,banknote,10,0,137
1785,banknote,20,0,137
1786,banknote,50,0,137
1787,banknote,100,0,137
1788,banknote,200,0,137
1789,banknote,500,0,137
1790,banknote,1000,0,137
1791,banknote,2000,0,137
1792,banknote,5000,0,137
1793,coin,0.01,1,138
1794,coin,0.05,1,138
1795,coin,0.1,1,138
1796,coin,0.25,1,138
1797,coin,1,0,138
1798,coin,5,0,138
1799,coin,10,0,138
1800,banknote,10,0,138
1801,banknote,25,0,138
1802,banknote,50,0,138
1803,banknote,100,0,138
1804,banknote,500,0,138
1805,coin,0.01,1,139
1806,coin,0.05,1,139
1807,coin,0.1,1,139
1808,coin,0.25,1,139
1809,coin,0.5,1,139
1810,banknote,1,0,139
1811,banknote,2,0,139
1812,banknote,5,0,139
1813,banknote,10,0,139
1814,banknote,20,0,139
1815,coin,0.05,1,140
1816,coin,0.1,1,140
1817,coin,0.5,1,140
1818,coin,1,0,140
1819,banknote,5,0,140
1820,banknote,10,0,140
1821,banknote,20,0,140
1822,banknote,50,0,140
1823,banknote,100,0,140
1824,banknote,500,0,140
1825,banknote,1000,0,140
1826,banknote,5000,0,140
1827,banknote,10000,0,140
1828,coin,1,0,141
1829,coin,5,0,141
1830,coin,10,0,141
1831,coin,20,0,141
1832,banknote,5,0,141
1833,banknote,10,0,141
1834,banknote,20,0,141
1835,banknote,50,0,141
1836,banknote,100,0,141
1837,banknote,500,0,141
1838,banknote,1000,0,141
1839,banknote,5000,0,141
1840,coin,0.1,1,142
1841,coin,0.2,1,142
1842,coin,0.5,1,142
1843,coin,1,0,142
1844,coin,2,0,142
1845,banknote,1,0,142
1846,banknote,5,0,142
1847,banknote,10,0,142
1848,banknote,20,0,142
1849,banknote,25,0,142
1850,banknote,50,0,142
1851,banknote,100,0,142
1852,banknote,500,0,142
1853,banknote,1000,0,142
1854,coin,1,0,143
1855,coin,2,0,143
1856,coin,5,0,143
1857,coin,10,0,143
1858,coin,20,0,143
1859,banknote,20,0,143
1860,banknote,50,0,143
1861,banknote,100,0,143
1862,banknote,500,0,143
1863,banknote,1000,0,143
1864,banknote,2000,0,143
1865,banknote,5000,0,143
1866,coin,0.01,1,144
1867,coin,0.05,1,144
1868,coin,0.1,1,144
1869,coin,0.2,1,144
1870,coin,0.5,1,144
1871,coin,1,0,144
1872,banknote,2,0,144
1873,banknote,5,0,144
1874,banknote,10,0,144
1875,banknote,20,0,144
1876,banknote,50,0,144
1877,banknote,100,0,144
1878,banknote,200,0,144
1879,banknote,500,0,144
1880,banknote,1000,0,144
1881,banknote,2000,0,144
1882,coin,0.01,1,145
1883,coin,0.05,1,145
1884,coin,0.1,1,145
1885,coin,0.25,1,145
1886,coin,1,0,145
1887,coin,2.5,0,145
1888,banknote,5,0,145
1889,banknote,10,0,145
1890,banknote,20,0,145
1891,banknote,50,0,145
1892,banknote,100,0,145
1893,banknote,200,0,145
1894,banknote,500,0,145
1895,coin,1,0,146
1896,coin,2,0,146
1897,coin,5,0,146
1898,coin,10,0,146
1899,banknote,20,0,146
1900,banknote,50,0,146
1901,banknote,100,0,146
1902,banknote,200,0,146
1903,banknote,500,0,146
1904,banknote,1000,0,146
1910,banknote,50,0,147
1911,banknote,100,0,147
1912,banknote,200,0,147
1913,banknote,500,0,147
1914,banknote,1000,0,147
1915,banknote,2000,0,147
1916,banknote,5000,0,147
1917,coin,0.5,1,148
1918,coin,1,0,148
1919,coin,5,0,148
1920,coin,10,0,148
1921,coin,20,0,148
1922,coin,50,0,148
1923,banknote,100,0,148
1924,banknote,200,0,148
1925,banknote,500,0,148
1926,banknote,1000,0,148
1927,banknote,2000,0,148
1928,coin,0.01,1,149
1929,coin,0.02,1,149
1930,coin,0.05,1,149
1931,coin,0.1,1,149
1932,coin,0.2,1,149
1933,coin,0.25,1,149
1934,coin,0.5,1,149
1935,coin,1,0,149
1936,coin,3,0,149
1937,coin,5,0,149
1938,banknote,0.01,1,149
1939,banknote,0.05,1,149
1940,banknote,0.2,1,149
1941,banknote,0.5,1,149
1942,banknote,1,0,149
1943,banknote,3,0,149
1944,banknote,5,0,149
1945,banknote,10,0,149
1946,banknote,20,0,149
1947,banknote,50,0,149
1948,banknote,100,0,149
1949,banknote,200,0,149
1950,banknote,500,0,149
1951,coin,50,0,150
1952,coin,100,0,150
1953,coin,200,0,150
1954,coin,500,0,150
1955,banknote,500,0,150
1956,banknote,1000,0,150
1957,banknote,2000,0,150
1958,banknote,5000,0,150
1959,banknote,10000,0,150
1960,coin,0.01,1,151
1961,coin,0.05,1,151
1962,coin,0.1,1,151
1963,coin,0.25,1,151
1964,coin,0.5,1,151
1965,coin,1,0,151
1966,coin,2,0,151
1967,coin,5,0,151
1968,coin,10,0,151
1969,banknote,20,0,151
1970,banknote,50,0,151
1971,banknote,100,0,151
1972,banknote,500,0,151
1973,banknote,1000,0,151
1974,coin,0.01,1,152
1975,coin,0.02,1,152
1976,coin,0.05,1,152
1977,coin,0.1,1,152
1978,coin,0.2,1,152
1979,coin,0.5,1,152
1980,coin,1,0,152
1981,coin,2,0,152
1982,banknote,1,0,152
1983,banknote,2,0,152
1984,banknote,5,0,152
1985,banknote,10,0,152
1986,banknote,20,0,152
1987,banknote,50,0,152
1988,banknote,100,0,152
1989,coin,0.01,1,153
1990,coin,0.05,1,153
1991,coin,0.1,1,153
1992,coin,0.25,1,153
1993,coin,0.5,1,153
1994,coin,1,0,153
1995,coin,3,0,153
1996,coin,5,0,153
1997,coin,10,0,153
1998,banknote,1,0,153
1999,banknote,5,0,153
2000,banknote,10,0,153
2001,banknote,25,0,153
2002,banknote,50,0,153
2003,banknote,100,0,153
2004,banknote,200,0,153
2005,banknote,500,0,153
2006,coin,0.05,1,154
2007,coin,0.1,1,154
2008,coin,0.25,1,154
2009,coin,0.5,1,154
2010,coin,1,0,154
2011,banknote,1,0,154
2012,banknote,5,0,154
2013,banknote,10,0,154
2014,banknote,20,0,154
2015,banknote,50,0,154
2016,banknote,100,0,154
2017,coin,0.005,1,155
2018,coin,0.01,1,155
2019,coin,0.02,1,155
2020,coin,0.05,1,155
2021,coin,0.1,1,155
2022,coin,0.2,1,155
2023,coin,0.5,1,155
2024,coin,1,0,155
2025,coin,2,0,155
2026,coin,5,0,155
2027,banknote,5,0,155
2028,banknote,10,0,155
2029,banknote,20,0,155
2030,banknote,50,0,155
2031,coin,0.01,1,156
2032,coin,0.02,1,156
2033,coin,0.05,1,156
2034,coin,0.1,1,156
2035,coin,0.2,1,156
2036,coin,0.5,1,156
2037,coin,1,0,156
2038,coin,2,0,156
2039,banknote,1,0,156
2040,banknote,5,0,156
2041,banknote,10,0,156
2042,banknote,20,0,156
2043,banknote,50,0,156
2044,banknote,100,0,156
2045,banknote,200,0,156
2046,banknote,500,0,156
2047,coin,0.05,1,157
2048,coin,0.1,1,157
2049,coin,0.2,1,157
2050,coin,0.5,1,157
2051,coin,1,0,157
2052,coin,50,0,158
2053,coin,100,0,158
2054,coin,200,0,158
2055,coin,500,0,158
2056,coin,1000,0,158
2057,banknote,1000,0,158
2058,banknote,2000,0,158
2059,banknote,5000,0,158
2060,banknote,10000,0,158
2061,banknote,20000,0,158
2062,banknote,50000,0,158
2063,coin,0.1,1,159
2064,coin,0.5,1,159
2065,coin,1,0,159
2066,coin,2,0,159
2067,coin,5,0,159
2068,coin,10,0,159
2069,banknote,20,0,159
2070,banknote,50,0,159
2071,banknote,100,0,159
2072,banknote,200,0,159
2073,banknote,500,0,159
2074,banknote,1000,0,159
2075,coin,0.01,1,160
2076,coin,0.05,1,160
2077,coin,0.1,1,160
2078,coin,0.25,1,160
2079,coin,0.5,1,160
2080,coin,1,0,160
2081,banknote,5,0,160
2082,banknote,10,0,160
2083,banknote,20,0,160
2084,banknote,50,0,160
2085,banknote,100,0,160
2086,banknote,200,0,160
2087,banknote,500,0,160
2088,banknote,1000,0,160
2089,coin,1,0,161
2090,coin,2,0,161
2091,coin,5,0,161
2092,coin,10,0,161
2093,coin,50,0,161
2094,banknote,20,0,161
2095,banknote,50,0,161
2096,banknote,100,0,161
2097,banknote,200,0,161
2098,banknote,500,0,161
2099,banknote,1000,0,161
2100,banknote,2000,0,161
2101,coin,50,0,162
2102,coin,100,0,162
2103,coin,200,0,162
2104,coin,500,0,162
2105,coin,1000,0,162
2106,banknote,1000,0,162
2107,banknote,2000,0,162
2108,banknote,500,0,162
2109,banknote,10000,0,162
2110,banknote,20000,0,162
2111,banknote,50000,0,162
2112,banknote,100000,0,162
2113,banknote,200000,0,162
2114,coin,1,0,163
2115,coin,2,0,163
2116,coin,5,0,163
2117,coin,10,0,163
2118,coin,20,0,163
2119,coin,50,0,163
2120,coin,100,0,163
2121,banknote,200,0,163
2122,banknote,500,0,163
2123,banknote,1000,0,163
2124,banknote,2000,0,163
2125,banknote,5000,0,163
2126,banknote,10000,0,163
2127,banknote,5,0,164
2128,banknote,10,0,164
2129,banknote,20,0,164
2130,banknote,50,0,164
2131,banknote,100,0,164
2132,banknote,200,0,164
2133,banknote,500,0,164
2134,coin,200,0,166
2135,coin,500,0,166
2136,coin,1000,0,166
2137,coin,2000,0,166
2138,coin,5000,0,166
2139,banknote,100,0,166
2140,banknote,200,0,166
2141,banknote,500,0,166
2142,banknote,1000,0,166
2143,banknote,2000,0,166
2144,banknote,5000,0,166
2145,banknote,10000,0,166
2146,banknote,20000,0,166
2147,banknote,50000,0,166
2148,banknote,100000,0,166
2149,banknote,200000,0,166
2150,banknote,500000,0,166
2151,coin,0.0025,1,167
2152,coin,0.005,1,167
2153,coin,0.01,1,167
2154,coin,0.05,1,167
2155,coin,0.1,1,167
2156,coin,0.25,1,167
2157,banknote,0.5,1,167
2158,banknote,1,0,167
2159,banknote,5,0,167
2160,banknote,10,0,167
2161,coin,1,0,168
2162,coin,5,0,168
2163,coin,10,0,168
2164,coin,20,0,168
2165,banknote,50,0,168
2166,banknote,100,0,168
2167,banknote,200,0,168
2168,banknote,250,0,168
2169,banknote,500,0,168
2170,banknote,1000,0,168
2171,coin,0.05,1,169
2172,coin,0.1,1,169
2173,coin,0.5,1,169
2174,coin,1,0,169
2175,coin,2,0,169
2176,coin,5,0,169
2177,banknote,2,0,169
2178,banknote,5,0,169
2179,banknote,10,0,169
2180,banknote,20,0,169
2181,banknote,50,0,169
2182,banknote,100,0,169
2183,banknote,200,0,169
2184,banknote,500,0,169
2185,coin,0.1,1,170
2186,coin,0.25,1,170
2187,coin,0.5,1,170
2188,coin,1,0,170
2189,coin,2,0,170
2190,coin,5,0,170
2191,banknote,10,0,170
2192,banknote,20,0,170
2193,banknote,50,0,170
2194,banknote,100,0,170
2195,banknote,200,0,170
